-- phpMyAdmin SQL Dump
-- version 5.0.2
-- https://www.phpmyadmin.net/
--
-- Host: localhost
-- Generation Time: Jul 18, 2021 at 04:14 PM
-- Server version: 10.4.13-MariaDB
-- PHP Version: 7.3.20

SET SQL_MODE = "NO_AUTO_VALUE_ON_ZERO";
START TRANSACTION;
SET time_zone = "+00:00";


/*!40101 SET @OLD_CHARACTER_SET_CLIENT=@@CHARACTER_SET_CLIENT */;
/*!40101 SET @OLD_CHARACTER_SET_RESULTS=@@CHARACTER_SET_RESULTS */;
/*!40101 SET @OLD_COLLATION_CONNECTION=@@COLLATION_CONNECTION */;
/*!40101 SET NAMES utf8mb4 */;

--
-- Database: `parking_lot`
--

-- --------------------------------------------------------

--
-- Table structure for table `parkings`
--

CREATE TABLE `parkings` (
  `id` int(11) NOT NULL,
  `is_occupied` tinyint(1) DEFAULT NULL,
  `is_reserved` tinyint(1) DEFAULT NULL,
  `created_at` timestamp NOT NULL DEFAULT current_timestamp() ON UPDATE current_timestamp(),
  `updated_at` timestamp NOT NULL DEFAULT '0000-00-00 00:00:00'
) ENGINE=InnoDB DEFAULT CHARSET=utf8mb4;

--
-- Dumping data for table `parkings`
--

INSERT INTO `parkings` (`id`, `is_occupied`, `is_reserved`, `created_at`, `updated_at`) VALUES
(1, 1, 1, '2021-07-18 07:58:15', '2021-07-18 07:58:15'),
(2, 1, 1, '2021-07-18 08:08:10', '2021-07-18 08:08:10'),
(3, 0, 1, '2021-07-17 07:29:12', '0000-00-00 00:00:00'),
(4, 0, 1, '2021-07-17 07:29:12', '0000-00-00 00:00:00'),
(5, 0, 1, '2021-07-17 07:29:12', '0000-00-00 00:00:00'),
(6, 0, 1, '2021-07-17 07:29:12', '0000-00-00 00:00:00'),
(7, 0, 1, '2021-07-17 07:29:12', '0000-00-00 00:00:00'),
(8, 0, 1, '2021-07-17 07:29:12', '0000-00-00 00:00:00'),
(9, 0, 1, '2021-07-17 07:29:12', '0000-00-00 00:00:00'),
(10, 0, 1, '2021-07-17 07:29:12', '0000-00-00 00:00:00'),
(11, 0, 1, '2021-07-17 07:29:12', '0000-00-00 00:00:00'),
(12, 0, 1, '2021-07-17 07:29:12', '0000-00-00 00:00:00'),
(13, 0, 1, '2021-07-17 07:29:12', '0000-00-00 00:00:00'),
(14, 0, 1, '2021-07-17 07:29:12', '0000-00-00 00:00:00'),
(15, 0, 1, '2021-07-17 07:29:12', '0000-00-00 00:00:00'),
(16, 0, 1, '2021-07-17 07:29:12', '0000-00-00 00:00:00'),
(17, 0, 1, '2021-07-17 07:29:12', '0000-00-00 00:00:00'),
(18, 0, 1, '2021-07-17 07:29:12', '0000-00-00 00:00:00'),
(19, 0, 1, '2021-07-17 07:29:12', '0000-00-00 00:00:00'),
(20, 0, 1, '2021-07-17 07:29:12', '0000-00-00 00:00:00'),
(21, 0, 1, '2021-07-17 07:29:12', '0000-00-00 00:00:00'),
(22, 0, 1, '2021-07-17 07:29:12', '0000-00-00 00:00:00'),
(23, 0, 1, '2021-07-17 07:29:12', '0000-00-00 00:00:00'),
(24, 0, 1, '2021-07-17 07:29:12', '0000-00-00 00:00:00'),
(25, 1, 0, '2021-07-18 08:09:14', '2021-07-18 08:09:14'),
(26, 1, 0, '2021-07-18 08:09:45', '2021-07-18 08:09:45'),
(27, 1, 0, '2021-07-18 14:10:43', '2021-07-18 14:10:43'),
(28, 0, 0, '2021-07-17 07:29:12', '0000-00-00 00:00:00'),
(29, 0, 0, '2021-07-17 07:29:12', '0000-00-00 00:00:00'),
(30, 0, 0, '2021-07-17 07:29:12', '0000-00-00 00:00:00'),
(31, 0, 0, '2021-07-17 07:29:12', '0000-00-00 00:00:00'),
(32, 0, 0, '2021-07-17 07:29:12', '0000-00-00 00:00:00'),
(33, 0, 0, '2021-07-17 07:29:12', '0000-00-00 00:00:00'),
(34, 0, 0, '2021-07-17 07:29:12', '0000-00-00 00:00:00'),
(35, 0, 0, '2021-07-17 07:29:12', '0000-00-00 00:00:00'),
(36, 0, 0, '2021-07-17 07:29:12', '0000-00-00 00:00:00'),
(37, 0, 0, '2021-07-17 07:29:12', '0000-00-00 00:00:00'),
(38, 0, 0, '2021-07-17 07:29:12', '0000-00-00 00:00:00'),
(39, 0, 0, '2021-07-17 07:29:12', '0000-00-00 00:00:00'),
(40, 0, 0, '2021-07-17 07:29:12', '0000-00-00 00:00:00'),
(41, 0, 0, '2021-07-17 07:29:12', '0000-00-00 00:00:00'),
(42, 0, 0, '2021-07-17 07:29:12', '0000-00-00 00:00:00'),
(43, 0, 0, '2021-07-17 07:29:12', '0000-00-00 00:00:00'),
(44, 0, 0, '2021-07-17 07:29:12', '0000-00-00 00:00:00'),
(45, 0, 0, '2021-07-17 07:29:12', '0000-00-00 00:00:00'),
(46, 0, 0, '2021-07-17 07:29:12', '0000-00-00 00:00:00'),
(47, 0, 0, '2021-07-17 07:29:12', '0000-00-00 00:00:00'),
(48, 0, 0, '2021-07-17 07:29:12', '0000-00-00 00:00:00'),
(49, 0, 0, '2021-07-17 07:29:12', '0000-00-00 00:00:00'),
(50, 0, 0, '2021-07-17 07:29:12', '0000-00-00 00:00:00'),
(51, 0, 0, '2021-07-17 07:29:12', '0000-00-00 00:00:00'),
(52, 0, 0, '2021-07-17 07:29:12', '0000-00-00 00:00:00'),
(53, 0, 0, '2021-07-17 07:29:12', '0000-00-00 00:00:00'),
(54, 0, 0, '2021-07-17 07:29:12', '0000-00-00 00:00:00'),
(55, 0, 0, '2021-07-17 07:29:12', '0000-00-00 00:00:00'),
(56, 0, 0, '2021-07-17 07:29:12', '0000-00-00 00:00:00'),
(57, 0, 0, '2021-07-17 07:29:12', '0000-00-00 00:00:00'),
(58, 0, 0, '2021-07-17 07:29:12', '0000-00-00 00:00:00'),
(59, 0, 0, '2021-07-17 07:29:12', '0000-00-00 00:00:00'),
(60, 0, 0, '2021-07-17 07:29:12', '0000-00-00 00:00:00'),
(61, 0, 0, '2021-07-17 07:29:12', '0000-00-00 00:00:00'),
(62, 0, 0, '2021-07-17 07:29:12', '0000-00-00 00:00:00'),
(63, 0, 0, '2021-07-17 07:29:12', '0000-00-00 00:00:00'),
(64, 0, 0, '2021-07-17 07:29:12', '0000-00-00 00:00:00'),
(65, 0, 0, '2021-07-17 07:29:12', '0000-00-00 00:00:00'),
(66, 0, 0, '2021-07-17 07:29:12', '0000-00-00 00:00:00'),
(67, 0, 0, '2021-07-17 07:29:12', '0000-00-00 00:00:00'),
(68, 0, 0, '2021-07-17 07:29:12', '0000-00-00 00:00:00'),
(69, 0, 0, '2021-07-17 07:29:12', '0000-00-00 00:00:00'),
(70, 0, 0, '2021-07-17 07:29:12', '0000-00-00 00:00:00'),
(71, 0, 0, '2021-07-17 07:29:12', '0000-00-00 00:00:00'),
(72, 0, 0, '2021-07-17 07:29:12', '0000-00-00 00:00:00'),
(73, 0, 0, '2021-07-17 07:29:12', '0000-00-00 00:00:00'),
(74, 0, 0, '2021-07-17 07:29:12', '0000-00-00 00:00:00'),
(75, 0, 0, '2021-07-17 07:29:12', '0000-00-00 00:00:00'),
(76, 0, 0, '2021-07-17 07:29:12', '0000-00-00 00:00:00'),
(77, 0, 0, '2021-07-17 07:29:12', '0000-00-00 00:00:00'),
(78, 0, 0, '2021-07-17 07:29:12', '0000-00-00 00:00:00'),
(79, 0, 0, '2021-07-17 07:29:12', '0000-00-00 00:00:00'),
(80, 0, 0, '2021-07-17 07:29:12', '0000-00-00 00:00:00'),
(81, 0, 0, '2021-07-17 07:29:12', '0000-00-00 00:00:00'),
(82, 0, 0, '2021-07-17 07:29:12', '0000-00-00 00:00:00'),
(83, 0, 0, '2021-07-17 07:29:12', '0000-00-00 00:00:00'),
(84, 0, 0, '2021-07-17 07:29:12', '0000-00-00 00:00:00'),
(85, 0, 0, '2021-07-17 07:29:12', '0000-00-00 00:00:00'),
(86, 0, 0, '2021-07-17 07:29:12', '0000-00-00 00:00:00'),
(87, 0, 0, '2021-07-17 07:29:12', '0000-00-00 00:00:00'),
(88, 0, 0, '2021-07-17 07:29:12', '0000-00-00 00:00:00'),
(89, 0, 0, '2021-07-17 07:29:12', '0000-00-00 00:00:00'),
(90, 0, 0, '2021-07-17 07:29:12', '0000-00-00 00:00:00'),
(91, 0, 0, '2021-07-17 07:29:12', '0000-00-00 00:00:00'),
(92, 0, 0, '2021-07-17 07:29:12', '0000-00-00 00:00:00'),
(93, 0, 0, '2021-07-17 07:29:12', '0000-00-00 00:00:00'),
(94, 0, 0, '2021-07-17 07:29:12', '0000-00-00 00:00:00'),
(95, 0, 0, '2021-07-17 07:29:12', '0000-00-00 00:00:00'),
(96, 0, 0, '2021-07-17 07:29:12', '0000-00-00 00:00:00'),
(97, 0, 0, '2021-07-17 07:29:12', '0000-00-00 00:00:00'),
(98, 0, 0, '2021-07-17 07:29:12', '0000-00-00 00:00:00'),
(99, 0, 0, '2021-07-17 07:29:12', '0000-00-00 00:00:00'),
(100, 0, 0, '2021-07-17 07:29:12', '0000-00-00 00:00:00'),
(101, 0, 0, '2021-07-17 07:29:12', '0000-00-00 00:00:00'),
(102, 0, 0, '2021-07-17 07:29:12', '0000-00-00 00:00:00'),
(103, 0, 0, '2021-07-17 07:29:12', '0000-00-00 00:00:00'),
(104, 0, 0, '2021-07-17 07:29:12', '0000-00-00 00:00:00'),
(105, 0, 0, '2021-07-17 07:29:12', '0000-00-00 00:00:00'),
(106, 0, 0, '2021-07-17 07:29:12', '0000-00-00 00:00:00'),
(107, 0, 0, '2021-07-17 07:29:12', '0000-00-00 00:00:00'),
(108, 0, 0, '2021-07-17 07:29:12', '0000-00-00 00:00:00'),
(109, 0, 0, '2021-07-17 07:29:12', '0000-00-00 00:00:00'),
(110, 0, 0, '2021-07-17 07:29:12', '0000-00-00 00:00:00'),
(111, 0, 0, '2021-07-17 07:29:12', '0000-00-00 00:00:00'),
(112, 0, 0, '2021-07-17 07:29:12', '0000-00-00 00:00:00'),
(113, 0, 0, '2021-07-17 07:29:12', '0000-00-00 00:00:00'),
(114, 0, 0, '2021-07-17 07:29:12', '0000-00-00 00:00:00'),
(115, 0, 0, '2021-07-17 07:29:12', '0000-00-00 00:00:00'),
(116, 0, 0, '2021-07-17 07:29:12', '0000-00-00 00:00:00'),
(117, 0, 0, '2021-07-17 07:29:12', '0000-00-00 00:00:00'),
(118, 0, 0, '2021-07-17 07:29:12', '0000-00-00 00:00:00'),
(119, 0, 0, '2021-07-17 07:29:12', '0000-00-00 00:00:00'),
(120, 0, 0, '2021-07-17 07:29:12', '0000-00-00 00:00:00');

-- --------------------------------------------------------

--
-- Table structure for table `users`
--

CREATE TABLE `users` (
  `id` int(11) NOT NULL,
  `name` varchar(255) DEFAULT NULL,
  `email` varchar(255) DEFAULT NULL,
  `gender` varchar(255) DEFAULT NULL,
  `is_differently_abled` tinyint(1) DEFAULT NULL,
  `created_at` timestamp NOT NULL DEFAULT current_timestamp() ON UPDATE current_timestamp(),
  `updated_at` timestamp NOT NULL DEFAULT '0000-00-00 00:00:00'
) ENGINE=InnoDB DEFAULT CHARSET=utf8mb4;

--
-- Dumping data for table `users`
--

INSERT INTO `users` (`id`, `name`, `email`, `gender`, `is_differently_abled`, `created_at`, `updated_at`) VALUES
(1, 'lKx6rPx8wC', 'gsCFi0it00@gmail.com', 'male', 0, '2021-07-17 07:12:28', '0000-00-00 00:00:00'),
(2, 'RrhlkhlNjw', '7QO04BtvoO@gmail.com', 'male', 0, '2021-07-17 07:14:57', '0000-00-00 00:00:00'),
(3, 'KKcN7SBbtm', 'o3zuOtatWA@gmail.com', 'male', 0, '2021-07-17 07:14:57', '0000-00-00 00:00:00'),
(4, '4CiLmQ9UL4', 'V0IKN6TFGG@gmail.com', 'male', 0, '2021-07-17 07:14:57', '0000-00-00 00:00:00'),
(5, 'pJSoExMm2m', 'nTgWvG1Cwg@gmail.com', 'female', 1, '2021-07-17 07:14:57', '0000-00-00 00:00:00'),
(6, 'zo6LpreOlF', 'YMmrcQNjTY@gmail.com', 'male', 0, '2021-07-17 07:14:57', '0000-00-00 00:00:00'),
(7, 'srNOSXjMfB', 'KOSiFTD3E9@gmail.com', 'female', 0, '2021-07-17 07:14:57', '0000-00-00 00:00:00'),
(8, 'o4ZMFkQRX7', 'fmPbH183GE@gmail.com', 'male', 0, '2021-07-17 07:14:57', '0000-00-00 00:00:00'),
(9, 'CTN8XJTzOK', '2wcOgqZNkz@gmail.com', 'male', 1, '2021-07-17 07:14:57', '0000-00-00 00:00:00'),
(10, 'ZU2rz6Wfpl', 'jRD8x5lA0g@gmail.com', 'female', 0, '2021-07-17 07:14:57', '0000-00-00 00:00:00'),
(11, 'e2rGQvdt0C', 'mTEEu77aig@gmail.com', 'female', 0, '2021-07-17 07:14:57', '0000-00-00 00:00:00'),
(12, 'fMml70yGVz', '6xvDCVrmoa@gmail.com', 'female', 1, '2021-07-17 07:18:23', '0000-00-00 00:00:00'),
(13, 'GnWn6KfVEf', 'p3Mojpt5id@gmail.com', 'female', 0, '2021-07-17 07:18:23', '0000-00-00 00:00:00'),
(14, 'kIxJROHLkw', 'rzZt6JfWYf@gmail.com', 'male', 0, '2021-07-17 07:18:23', '0000-00-00 00:00:00'),
(15, '2ZFgk0fmbh', 'VcjUXfLorI@gmail.com', 'male', 1, '2021-07-17 07:18:23', '0000-00-00 00:00:00'),
(16, 'mV982PVvjp', 'sH9hNFKt6T@gmail.com', 'female', 0, '2021-07-17 07:18:23', '0000-00-00 00:00:00'),
(17, 'SUg4kDfXzU', 'RO8VP9W7tg@gmail.com', 'female', 0, '2021-07-17 12:17:14', '0000-00-00 00:00:00'),
(18, '2gkN2jJkDo', 'KegnMMRw7X@gmail.com', 'female', 0, '2021-07-17 12:17:19', '0000-00-00 00:00:00'),
(19, 'KKtJzCNwDy', 'bRghO4CktZ@gmail.com', 'female', 1, '2021-07-17 07:18:23', '0000-00-00 00:00:00'),
(20, 'hJNAAdAZiz', 'i6Zi2dhmah@gmail.com', 'male', 0, '2021-07-17 07:18:23', '0000-00-00 00:00:00'),
(21, '3sQNr7YZaZ', 'yodSqcyMnD@gmail.com', 'female', 0, '2021-07-17 07:18:23', '0000-00-00 00:00:00'),
(22, 'osUIdeQRQ1', 'DubncBmb0K@gmail.com', 'male', 0, '2021-07-17 07:31:02', '0000-00-00 00:00:00'),
(23, 'Lqbe5Fyyaw', 'd8mzS7Lcmg@gmail.com', 'female', 0, '2021-07-17 07:31:02', '0000-00-00 00:00:00'),
(24, 'klnXp8VbfG', 'dtGNvBhURd@gmail.com', 'male', 1, '2021-07-17 12:17:53', '0000-00-00 00:00:00'),
(25, 'cNcaI3N9rZ', 'yQrZD6d8NJ@gmail.com', 'female', 0, '2021-07-17 12:17:25', '0000-00-00 00:00:00');

-- --------------------------------------------------------

--
-- Table structure for table `user_parkings`
--

CREATE TABLE `user_parkings` (
  `id` int(11) NOT NULL,
  `user_id` int(11) DEFAULT NULL,
  `parking_id` int(11) DEFAULT NULL,
  `license_plate_no` varchar(255) DEFAULT NULL,
  `has_booked` tinyint(1) DEFAULT 1,
  `has_reached` tinyint(1) DEFAULT 0,
  `has_exited` tinyint(1) DEFAULT 0,
  `has_lapsed` tinyint(1) DEFAULT 0,
  `reached_at` timestamp NOT NULL DEFAULT '0000-00-00 00:00:00',
  `exited_at` timestamp NOT NULL DEFAULT '0000-00-00 00:00:00',
  `created_at` timestamp NOT NULL DEFAULT '0000-00-00 00:00:00',
  `updated_at` timestamp NOT NULL DEFAULT '0000-00-00 00:00:00'
) ENGINE=InnoDB DEFAULT CHARSET=utf8mb4;

--
-- Dumping data for table `user_parkings`
--

INSERT INTO `user_parkings` (`id`, `user_id`, `parking_id`, `license_plate_no`, `has_booked`, `has_reached`, `has_exited`, `has_lapsed`, `reached_at`, `exited_at`, `created_at`, `updated_at`) VALUES
(1, 1, 25, 'MH0142AB19', 1, 1, 1, 0, '2021-07-18 07:08:31', '2021-07-18 07:46:11', '2021-07-17 12:58:41', '2021-07-18 07:46:11'),
(2, 5, 1, 'MH0142AB20', 1, 0, 0, 0, '0000-00-00 00:00:00', '0000-00-00 00:00:00', '2021-07-18 07:58:15', '2021-07-18 07:58:15'),
(3, 9, 2, 'MH0142AB21', 1, 0, 0, 0, '0000-00-00 00:00:00', '0000-00-00 00:00:00', '2021-07-18 08:08:10', '2021-07-18 08:08:10'),
(4, 2, 25, 'MH0142AB22', 1, 0, 0, 0, '0000-00-00 00:00:00', '0000-00-00 00:00:00', '2021-07-18 08:09:14', '2021-07-18 08:09:14'),
(5, 3, 26, 'MH0142AB23', 1, 0, 0, 0, '0000-00-00 00:00:00', '0000-00-00 00:00:00', '2021-07-18 08:09:45', '2021-07-18 08:09:45'),
(6, 4, 27, 'MH0142AB24', 1, 0, 0, 0, '0000-00-00 00:00:00', '0000-00-00 00:00:00', '2021-07-18 14:10:43', '2021-07-18 14:10:43');

--
-- Indexes for dumped tables
--

--
-- Indexes for table `parkings`
--
ALTER TABLE `parkings`
  ADD PRIMARY KEY (`id`);

--
-- Indexes for table `users`
--
ALTER TABLE `users`
  ADD PRIMARY KEY (`id`);

--
-- Indexes for table `user_parkings`
--
ALTER TABLE `user_parkings`
  ADD PRIMARY KEY (`id`),
  ADD KEY `user_id` (`user_id`),
  ADD KEY `parking_id` (`parking_id`);

--
-- AUTO_INCREMENT for dumped tables
--

--
-- AUTO_INCREMENT for table `parkings`
--
ALTER TABLE `parkings`
  MODIFY `id` int(11) NOT NULL AUTO_INCREMENT, AUTO_INCREMENT=121;

--
-- AUTO_INCREMENT for table `users`
--
ALTER TABLE `users`
  MODIFY `id` int(11) NOT NULL AUTO_INCREMENT, AUTO_INCREMENT=26;

--
-- AUTO_INCREMENT for table `user_parkings`
--
ALTER TABLE `user_parkings`
  MODIFY `id` int(11) NOT NULL AUTO_INCREMENT, AUTO_INCREMENT=7;

--
-- Constraints for dumped tables
--

--
-- Constraints for table `user_parkings`
--
ALTER TABLE `user_parkings`
  ADD CONSTRAINT `user_parkings_ibfk_1` FOREIGN KEY (`user_id`) REFERENCES `users` (`id`),
  ADD CONSTRAINT `user_parkings_ibfk_2` FOREIGN KEY (`parking_id`) REFERENCES `parkings` (`id`);
COMMIT;

/*!40101 SET CHARACTER_SET_CLIENT=@OLD_CHARACTER_SET_CLIENT */;
/*!40101 SET CHARACTER_SET_RESULTS=@OLD_CHARACTER_SET_RESULTS */;
/*!40101 SET COLLATION_CONNECTION=@OLD_COLLATION_CONNECTION */;
